09:33:21	real_claude_idle	1	0
09:36:31	real_claude_idle	2	0
09:37:37	real_claude_idle	3	0
09:38:40	real_claude_idle	4	0
09:39:48	real_claude_idle	5	0
09:40:51	real_claude_idle	6	0
09:41:55	real_claude_idle	7	0
09:43:00	real_claude_idle	8	0
09:44:03	real_claude_idle	9	0
09:45:17	real_claude_idle	10	0
09:46:24	real_claude_idle	11	0
09:47:29	real_claude_idle	12	0
09:48:32	real_claude_idle	13	0
09:49:34	real_claude_idle	14	0
09:50:37	real_claude_idle	15	0
09:51:40	real_claude_idle	16	0
09:52:44	real_claude_idle	17	0
09:53:46	real_claude_idle	18	0
09:55:07	real_claude_idle	19	0
09:56:31	real_claude_idle	20	0
09:58:31	redraw_tui	1	0
09:59:34	redraw_tui	2	0
10:01:20	redraw_tui	3	0
10:02:25	redraw_tui	4	0
10:03:26	redraw_tui	5	0
10:04:50	redraw_tui	6	0
10:06:17	redraw_tui	7	0
10:07:20	redraw_tui	8	0
10:08:22	redraw_tui	9	0
10:09:24	redraw_tui	10	0
10:10:27	redraw_tui	11	0
10:12:56	redraw_tui	12	0
10:14:05	redraw_tui	13	0
10:15:22	redraw_tui	14	0
10:16:25	redraw_tui	15	0
10:17:30	redraw_tui	16	0
10:18:33	redraw_tui	17	0
10:19:33	redraw_tui	18	0
10:20:34	redraw_tui	19	0
10:22:17	redraw_tui	20	0
10:23:47	big_scrollback	1	0
10:24:50	big_scrollback	2	0
10:25:55	big_scrollback	3	0
10:26:58	big_scrollback	4	0
10:28:03	big_scrollback	5	0
10:29:05	big_scrollback	6	0
10:30:08	big_scrollback	7	0
10:31:21	big_scrollback	8	0
10:33:25	big_scrollback	9	0
10:34:51	big_scrollback	10	0
10:35:56	big_scrollback	11	0
10:37:00	big_scrollback	12	0
10:38:03	big_scrollback	13	0
10:39:06	big_scrollback	14	0
10:40:12	big_scrollback	15	0
10:41:37	big_scrollback	16	0
10:42:59	big_scrollback	17	0
10:44:04	big_scrollback	18	0
10:46:42	big_scrollback	19	0
10:47:46	big_scrollback	20	0
